{
	"biome": "biomesoplenty:corrupted_sands",
	"generationWeight": 8,
	"useDefaultDecorations": true,
	"isSubBiome": false,
	"blocks": {},
	"entities": [
		{
			"spawnWeight": 50,
			"minimumGroupCount": 4,
			"maximumGroupCount": 4,
			"entity": "minecraft:ghast"
		}, 
		{
			"spawnWeight": 100,
			"minimumGroupCount": 4,
			"maximumGroupCount": 4,
			"entity": "minecraft:zombie_pigman"
		}, 
		{
			"spawnWeight": 2,
			"minimumGroupCount": 4,
			"maximumGroupCount": 4,
			"entity": "minecraft:magma_cube"
		}, 
		{
			"spawnWeight": 1,
			"minimumGroupCount": 4,
			"maximumGroupCount": 4,
			"entity": "minecraft:enderman"
		}, 
		{
			"spawnWeight": 10,
			"minimumGroupCount": 3,
			"maximumGroupCount": 7,
			"entity": "dungeonsmod:mimic"
		}, 
		{
			"spawnWeight": 1,
			"minimumGroupCount": 1,
			"maximumGroupCount": 1,
			"entity": "dungeonsmod:crawler"
		}, 
		{
			"spawnWeight": 1,
			"minimumGroupCount": 1,
			"maximumGroupCount": 1,
			"entity": "dungeonsmod:slimond"
		}, 
		{
			"spawnWeight": 1,
			"minimumGroupCount": 1,
			"maximumGroupCount": 1,
			"entity": "ebwizardry:lightning_wraith"
		}, 
		{
			"spawnWeight": 3,
			"minimumGroupCount": 1,
			"maximumGroupCount": 1,
			"entity": "ebwizardry:evil_wizard"
		}, 
		{
			"spawnWeight": 5,
			"minimumGroupCount": 1,
			"maximumGroupCount": 2,
			"entity": "minecraft:blaze"
		}, 
		{
			"spawnWeight": 4,
			"minimumGroupCount": 1,
			"maximumGroupCount": 2,
			"entity": "quark:foxhound"
		}, 
		{
			"spawnWeight": 60,
			"minimumGroupCount": 4,
			"maximumGroupCount": 6,
			"entity": "quark:wraith"
		}, 
		{
			"spawnWeight": 10,
			"minimumGroupCount": 1,
			"maximumGroupCount": 2,
			"entity": "thaumcraft:firebat"
		}, 
		{
			"spawnWeight": 5,
			"minimumGroupCount": 1,
			"maximumGroupCount": 1,
			"entity": "thaumcraft:wisp"
		}, 
		{
			"spawnWeight": 2,
			"minimumGroupCount": 1,
			"maximumGroupCount": 1,
			"entity": "mowziesmobs:grottol"
		}, 
		{
			"spawnWeight": 10,
			"minimumGroupCount": 3,
			"maximumGroupCount": 7,
			"entity": "dungeonsmod:rogue"
		}, 
		{
			"spawnWeight": 70,
			"minimumGroupCount": 3,
			"maximumGroupCount": 7,
			"entity": "dungeonsmod:anthermite"
		}, 
		{
			"spawnWeight": 5,
			"minimumGroupCount": 2,
			"maximumGroupCount": 5,
			"entity": "exoticbirds:ostrich"
		}, 
		{
			"spawnWeight": 10,
			"minimumGroupCount": 2,
			"maximumGroupCount": 5,
			"entity": "exoticbirds:roadrunner"
		}, 
		{
			"spawnWeight": 8,
			"minimumGroupCount": 2,
			"maximumGroupCount": 5,
			"entity": "exoticbirds:vulture"
		}
	],
	"traits": [],
	"subBiomes": []
}