{
	"biome": "biomesoplenty:visceral_heap",
	"generationWeight": 4,
	"useDefaultDecorations": true,
	"isSubBiome": false,
	"blocks": {},
	"entities": [
		{
			"spawnWeight": 50,
			"minimumGroupCount": 4,
			"maximumGroupCount": 4,
			"entity": "minecraft:ghast"
		}, 
		{
			"spawnWeight": 100,
			"minimumGroupCount": 4,
			"maximumGroupCount": 4,
			"entity": "minecraft:zombie_pigman"
		}, 
		{
			"spawnWeight": 2,
			"minimumGroupCount": 4,
			"maximumGroupCount": 4,
			"entity": "minecraft:magma_cube"
		}, 
		{
			"spawnWeight": 1,
			"minimumGroupCount": 4,
			"maximumGroupCount": 4,
			"entity": "minecraft:enderman"
		}, 
		{
			"spawnWeight": 1,
			"minimumGroupCount": 1,
			"maximumGroupCount": 1,
			"entity": "ebwizardry:lightning_wraith"
		}, 
		{
			"spawnWeight": 3,
			"minimumGroupCount": 1,
			"maximumGroupCount": 1,
			"entity": "ebwizardry:evil_wizard"
		}, 
		{
			"spawnWeight": 5,
			"minimumGroupCount": 1,
			"maximumGroupCount": 2,
			"entity": "minecraft:blaze"
		}, 
		{
			"spawnWeight": 4,
			"minimumGroupCount": 1,
			"maximumGroupCount": 2,
			"entity": "quark:foxhound"
		}, 
		{
			"spawnWeight": 60,
			"minimumGroupCount": 4,
			"maximumGroupCount": 6,
			"entity": "quark:wraith"
		}, 
		{
			"spawnWeight": 10,
			"minimumGroupCount": 1,
			"maximumGroupCount": 2,
			"entity": "thaumcraft:firebat"
		}, 
		{
			"spawnWeight": 5,
			"minimumGroupCount": 1,
			"maximumGroupCount": 1,
			"entity": "thaumcraft:wisp"
		}, 
		{
			"spawnWeight": 2,
			"minimumGroupCount": 1,
			"maximumGroupCount": 1,
			"entity": "mowziesmobs:grottol"
		}, 
		{
			"spawnWeight": 5,
			"minimumGroupCount": 2,
			"maximumGroupCount": 5,
			"entity": "exoticbirds:gouldianfinch"
		}, 
		{
			"spawnWeight": 18,
			"minimumGroupCount": 2,
			"maximumGroupCount": 5,
			"entity": "exoticbirds:hummingbird"
		}, 
		{
			"spawnWeight": 8,
			"minimumGroupCount": 2,
			"maximumGroupCount": 5,
			"entity": "exoticbirds:lyrebird"
		}, 
		{
			"spawnWeight": 6,
			"minimumGroupCount": 2,
			"maximumGroupCount": 5,
			"entity": "exoticbirds:parrot"
		}, 
		{
			"spawnWeight": 6,
			"minimumGroupCount": 2,
			"maximumGroupCount": 5,
			"entity": "exoticbirds:toucan"
		}, 
		{
			"spawnWeight": 6,
			"minimumGroupCount": 2,
			"maximumGroupCount": 5,
			"entity": "exoticbirds:budgerigar"
		}
	],
	"traits": [],
	"subBiomes": []
}