{"stat.walkOneCm":9772,"stat.pickup.minecraft.stick":2,"stat.drop.conarm.book":1,"stat.pickup.exoticbirds.bluejay_egg":1,"stat.leaveGame":3,"stat.damageTaken":16,"stat.mobKills":1,"stat.useItem.minecraft.diamond_sword":2,"stat.flyOneCm":237898,"stat.deaths":1,"stat.drop":1,"stat.pickup.conarm.book":1,"stat.jump":32,"stat.swimOneCm":166,"stat.playOneMinute":31553,"stat.fallOneCm":2667,"stat.sneakTime":1442,"stat.pickup.exoticbirds.swan_egg":1,"stat.damageDealt":130,"stat.pickup.minecraft.glass":1,"stat.crouchOneCm":17,"stat.useItem.mutantbeasts.endersoul_hand":5,"stat.killEntity.Zombie":1,"stat.timeSinceDeath":12477,"stat.useItem.minecraft.spawn_egg":1,"stat.pickup.ordinarycoins.coinbronze":3,"stat.diveOneCm":2398}